{"cameraMode":{"drawMode":0,"name":"Shaded","section":"Shading Mode"},"sceneLighting":true,"audioPlay":false,"sceneViewState":{"showFog":true,"showMaterialUpdate":false,"showSkybox":true,"showFlares":true,"showImageEffects":true,"showParticleSystems":true},"in2DMode":false,"pivot":{"x":-0.5977885127067566,"y":3.202627658843994,"z":8.174200057983399},"rotation":{"x":-0.042296454310417178,"y":-0.011077322997152806,"z":0.0005154163809493184,"w":-0.9990887641906738},"size":5.124273777008057,"orthographic":false}