{"cameraMode":{"drawMode":0,"name":"Shaded","section":"Shading Mode"},"sceneLighting":true,"audioPlay":false,"sceneViewState":{"showFog":true,"showMaterialUpdate":false,"showSkybox":true,"showFlares":true,"showImageEffects":true,"showParticleSystems":true},"in2DMode":false,"pivot":{"x":142.3007049560547,"y":5.268043041229248,"z":-18.357799530029298},"rotation":{"x":-0.00021908184862695634,"y":-0.9995632767677307,"z":-0.019192591309547426,"w":0.026102498173713685},"size":4.144552230834961,"orthographic":false}