{"cameraMode":{"drawMode":0,"name":"Shaded","section":"Shading Mode"},"sceneLighting":true,"audioPlay":false,"sceneViewState":{"showFog":true,"showMaterialUpdate":false,"showSkybox":true,"showFlares":true,"showImageEffects":true,"showParticleSystems":true},"in2DMode":false,"pivot":{"x":1.8109369277954102,"y":3.518787384033203,"z":-4.260207176208496},"rotation":{"x":-0.08315148949623108,"y":0.9059334397315979,"z":-0.21050406992435456,"w":-0.3578547537326813},"size":10.0,"orthographic":false}